{"timestamps": [1517319350.150676], "initial_reset_timestamp": 1517319337.782166, "episode_types": ["t"], "episode_lengths": [6888], "episode_rewards": [9.0]}