{"timestamps": [1517319312.883401], "initial_reset_timestamp": 1517319311.887156, "episode_types": ["t"], "episode_lengths": [1283], "episode_rewards": [-21.0]}